{
  "train_loss": [
    0.3439836289321807,
    0.31449002920146063,
    0.30947865202548713,
    0.30626374198875733,
    0.30406560335414395
  ],
  "val_loss": [
    0.31524175895967677,
    0.3089998324138036,
    0.30511452034240594,
    0.30227384799888585,
    0.3009661466906618
  ]
}