Pathology,AUROC
No Finding,0.340359828141783
Enlarged Cardiomediastinum,0.5130275229357798
Cardiomegaly,0.5556343019135365
Lung Opacity,0.514917695473251
Lung Lesion,0.14592274678111583
Edema,0.37995296884185775
Consolidation,0.6116387758178803
Pneumonia,0.5011061946902655
Atelectasis,0.4224025974025974
Pneumothorax,0.33351769911504425
Pleural Effusion,0.5601930467423363
Pleural Other,0.05150214592274682
Fracture,
Support Devices,0.5962911178158805
