{
  "threshold": 0.6,
  "macro_f1_14": 0.1072032353758727,
  "macro_auc_14": 0.751746281033292,
  "per_class_14": {
    "No Finding": {
      "precision": 0.0,
      "recall": 0.0,
      "f1": 0.0,
      "auc": 0.8885606874328679,
      "tp": 0,
      "fp": 0,
      "tn": 196,
      "fn": 38
    },
    "Enlarged Cardiomediastinum": {
      "precision": 0.0,
      "recall": 0.0,
      "f1": 0.0,
      "auc": 0.520954128440367,
      "tp": 0,
      "fp": 0,
      "tn": 125,
      "fn": 109
    },
    "Cardiomegaly": {
      "precision": 0.0,
      "recall": 0.0,
      "f1": 0.0,
      "auc": 0.8094436569808646,
      "tp": 0,
      "fp": 0,
      "tn": 166,
      "fn": 68
    },
    "Lung Opacity": {
      "precision": 0.9302325579232017,
      "recall": 0.3174603174351222,
      "f1": 0.47337277721508364,
      "auc": 0.8623603762492651,
      "tp": 40,
      "fp": 3,
      "tn": 105,
      "fn": 86
    },
    "Lung Lesion": {
      "precision": 0.0,
      "recall": 0.0,
      "f1": 0.0,
      "auc": 0.648068669527897,
      "tp": 0,
      "fp": 0,
      "tn": 233,
      "fn": 1
    },
    "Edema": {
      "precision": 0.0,
      "recall": 0.0,
      "f1": 0.0,
      "auc": 0.8182245737801294,
      "tp": 0,
      "fp": 0,
      "tn": 189,
      "fn": 45
    },
    "Consolidation": {
      "precision": 0.0,
      "recall": 0.0,
      "f1": 0.0,
      "auc": 0.8807477762701643,
      "tp": 0,
      "fp": 0,
      "tn": 201,
      "fn": 33
    },
    "Pneumonia": {
      "precision": 0.0,
      "recall": 0.0,
      "f1": 0.0,
      "auc": 0.4977876106194691,
      "tp": 0,
      "fp": 0,
      "tn": 226,
      "fn": 8
    },
    "Atelectasis": {
      "precision": 0.0,
      "recall": 0.0,
      "f1": 0.0,
      "auc": 0.8018668831168831,
      "tp": 0,
      "fp": 0,
      "tn": 154,
      "fn": 80
    },
    "Pneumothorax": {
      "precision": 0.0,
      "recall": 0.0,
      "f1": 0.0,
      "auc": 0.6515486725663717,
      "tp": 0,
      "fp": 0,
      "tn": 226,
      "fn": 8
    },
    "Pleural Effusion": {
      "precision": 0.7575757573461891,
      "recall": 0.3731343283025173,
      "f1": 0.49999999547800006,
      "auc": 0.855840557690589,
      "tp": 25,
      "fp": 8,
      "tn": 159,
      "fn": 42
    },
    "Pleural Other": {
      "precision": 0.0,
      "recall": 0.0,
      "f1": 0.0,
      "auc": 0.8712446351931331,
      "tp": 0,
      "fp": 0,
      "tn": 233,
      "fn": 1
    },
    "Fracture": {
      "precision": 0.0,
      "recall": 0.0,
      "f1": 0.0,
      "auc": null,
      "tp": 0,
      "fp": 0,
      "tn": 234,
      "fn": 0
    },
    "Support Devices": {
      "precision": 0.6399999999146667,
      "recall": 0.44859813079919647,
      "f1": 0.5274725225691342,
      "auc": 0.6660534255647951,
      "tp": 48,
      "fp": 27,
      "tn": 100,
      "fn": 59
    }
  }
}