Pathology,AUROC,F1_Score,Recall,Precision,Accuracy
Atelectasis,0.7323884514435697,0.6048387096774194,1.0,0.43352601156069365,0.5148514851485149
Consolidation,0.8,0.3522727272727273,0.96875,0.2152777777777778,0.43564356435643564
Pneumothorax,0.7567765567765568,0.08974358974358974,1.0,0.04697986577181208,0.297029702970297
Edema,0.8184523809523809,0.5517241379310345,0.7619047619047619,0.43243243243243246,0.7425742574257426
Effusion,0.8208786231884057,0.5795454545454546,0.796875,0.45535714285714285,0.6336633663366337
Pneumonia,0.6585051546391754,0.08839779005524862,1.0,0.046242774566473986,0.18316831683168316
Cardiomegaly,0.7629233511586453,0.6143790849673203,0.7121212121212122,0.5402298850574713,0.7079207920792079
Fracture,,0.0,0.0,0.0,0.14356435643564355
