{
  "threshold": 0.6,
  "macro_f1_14": 0.025515381649231034,
  "macro_auc_14": 0.7955990818766522,
  "per_class_14": {
    "No Finding": {
      "precision": 0.0,
      "recall": 0.0,
      "f1": 0.0,
      "auc": 0.6831364124597207,
      "tp": 0,
      "fp": 0,
      "tn": 196,
      "fn": 38
    },
    "Enlarged Cardiomediastinum": {
      "precision": 0.0,
      "recall": 0.0,
      "f1": 0.0,
      "auc": 0.7676330275229358,
      "tp": 0,
      "fp": 0,
      "tn": 125,
      "fn": 109
    },
    "Cardiomegaly": {
      "precision": 0.0,
      "recall": 0.0,
      "f1": 0.0,
      "auc": 0.7345854004252304,
      "tp": 0,
      "fp": 0,
      "tn": 166,
      "fn": 68
    },
    "Lung Opacity": {
      "precision": 0.9090909082644627,
      "recall": 0.07936507935878055,
      "f1": 0.14598539996163887,
      "auc": 0.8579512051734274,
      "tp": 10,
      "fp": 1,
      "tn": 107,
      "fn": 116
    },
    "Lung Lesion": {
      "precision": 0.0,
      "recall": 0.0,
      "f1": 0.0,
      "auc": 0.9742489270386266,
      "tp": 0,
      "fp": 0,
      "tn": 233,
      "fn": 1
    },
    "Edema": {
      "precision": 0.0,
      "recall": 0.0,
      "f1": 0.0,
      "auc": 0.7928277483833039,
      "tp": 0,
      "fp": 0,
      "tn": 189,
      "fn": 45
    },
    "Consolidation": {
      "precision": 0.0,
      "recall": 0.0,
      "f1": 0.0,
      "auc": 0.8294889190411578,
      "tp": 0,
      "fp": 0,
      "tn": 201,
      "fn": 33
    },
    "Pneumonia": {
      "precision": 0.0,
      "recall": 0.0,
      "f1": 0.0,
      "auc": 0.8440265486725663,
      "tp": 0,
      "fp": 0,
      "tn": 226,
      "fn": 8
    },
    "Atelectasis": {
      "precision": 0.0,
      "recall": 0.0,
      "f1": 0.0,
      "auc": 0.78125,
      "tp": 0,
      "fp": 0,
      "tn": 154,
      "fn": 80
    },
    "Pneumothorax": {
      "precision": 0.0,
      "recall": 0.0,
      "f1": 0.0,
      "auc": 0.6084070796460177,
      "tp": 0,
      "fp": 0,
      "tn": 226,
      "fn": 8
    },
    "Pleural Effusion": {
      "precision": 0.9999999900000002,
      "recall": 0.014925373132100692,
      "f1": 0.02941176440743945,
      "auc": 0.8390383412279918,
      "tp": 1,
      "fp": 0,
      "tn": 167,
      "fn": 66
    },
    "Pleural Other": {
      "precision": 0.0,
      "recall": 0.0,
      "f1": 0.0,
      "auc": 0.9828326180257511,
      "tp": 0,
      "fp": 0,
      "tn": 233,
      "fn": 1
    },
    "Fracture": {
      "precision": 0.0,
      "recall": 0.0,
      "f1": 0.0,
      "auc": null,
      "tp": 0,
      "fp": 0,
      "tn": 234,
      "fn": 0
    },
    "Support Devices": {
      "precision": 0.479999999808,
      "recall": 0.11214953269979912,
      "f1": 0.18181817872015615,
      "auc": 0.6473618367797483,
      "tp": 12,
      "fp": 13,
      "tn": 114,
      "fn": 95
    }
  }
}