{
  "threshold": 0.6,
  "macro_f1_14": 0.15696641383514368,
  "macro_auc_14": 0.7630099651010614,
  "per_class_14": {
    "No Finding": {
      "precision": 0.9999999900000002,
      "recall": 0.026315789466759002,
      "f1": 0.05128205075608152,
      "auc": 0.8817132116004297,
      "tp": 1,
      "fp": 0,
      "tn": 196,
      "fn": 37
    },
    "Enlarged Cardiomediastinum": {
      "precision": 0.0,
      "recall": 0.0,
      "f1": 0.0,
      "auc": 0.6499816513761469,
      "tp": 0,
      "fp": 0,
      "tn": 125,
      "fn": 109
    },
    "Cardiomegaly": {
      "precision": 0.9999999900000002,
      "recall": 0.014705882350778549,
      "f1": 0.028985506952320945,
      "auc": 0.806520198440822,
      "tp": 1,
      "fp": 0,
      "tn": 166,
      "fn": 67
    },
    "Lung Opacity": {
      "precision": 0.9574468083069262,
      "recall": 0.3571428571145125,
      "f1": 0.5202312098553243,
      "auc": 0.8852145796590242,
      "tp": 45,
      "fp": 2,
      "tn": 106,
      "fn": 81
    },
    "Lung Lesion": {
      "precision": 0.0,
      "recall": 0.0,
      "f1": 0.0,
      "auc": 0.05150214592274682,
      "tp": 0,
      "fp": 0,
      "tn": 233,
      "fn": 1
    },
    "Edema": {
      "precision": 0.8333333326388889,
      "recall": 0.2222222221728395,
      "f1": 0.35087718953524166,
      "auc": 0.8870076425631981,
      "tp": 10,
      "fp": 2,
      "tn": 187,
      "fn": 35
    },
    "Consolidation": {
      "precision": 0.0,
      "recall": 0.0,
      "f1": 0.0,
      "auc": 0.9206995326398312,
      "tp": 0,
      "fp": 0,
      "tn": 201,
      "fn": 33
    },
    "Pneumonia": {
      "precision": 0.0,
      "recall": 0.0,
      "f1": 0.0,
      "auc": 0.7112831858407079,
      "tp": 0,
      "fp": 0,
      "tn": 226,
      "fn": 8
    },
    "Atelectasis": {
      "precision": 0.0,
      "recall": 0.0,
      "f1": 0.0,
      "auc": 0.8047889610389611,
      "tp": 0,
      "fp": 0,
      "tn": 154,
      "fn": 80
    },
    "Pneumothorax": {
      "precision": 0.0,
      "recall": 0.0,
      "f1": 0.0,
      "auc": 0.6957964601769911,
      "tp": 0,
      "fp": 0,
      "tn": 226,
      "fn": 8
    },
    "Pleural Effusion": {
      "precision": 0.909090908815427,
      "recall": 0.4477611939630208,
      "f1": 0.5999999954580002,
      "auc": 0.9071409419966038,
      "tp": 30,
      "fp": 3,
      "tn": 164,
      "fn": 37
    },
    "Pleural Other": {
      "precision": 0.0,
      "recall": 0.0,
      "f1": 0.0,
      "auc": 0.9313304721030042,
      "tp": 0,
      "fp": 0,
      "tn": 233,
      "fn": 1
    },
    "Fracture": {
      "precision": 0.0,
      "recall": 0.0,
      "f1": 0.0,
      "auc": null,
      "tp": 0,
      "fp": 0,
      "tn": 234,
      "fn": 0
    },
    "Support Devices": {
      "precision": 0.7159090908277377,
      "recall": 0.5887850466739454,
      "f1": 0.6461538411350429,
      "auc": 0.7861505629553315,
      "tp": 63,
      "fp": 25,
      "tn": 102,
      "fn": 44
    }
  }
}