{
  "Atelectasis": 0.6262586458937842,
  "Cardiomegaly": 0.7835668743623968,
  "Consolidation": 0.6799025247597791,
  "Edema": 0.7751762710417929,
  "Enlarged Cardiomediastinum": 0.6106031950825203,
  "Fracture": 0.6556986316654622,
  "Lung Lesion": 0.6865105621663371,
  "Lung Opacity": 0.6909891148628408,
  "Effusion": 0.812434912506528,
  "Pleural Other": 0.7200247620598161,
  "Pneumonia": 0.6487257243021852,
  "Pneumothorax": 0.7185219026731107,
  "Support Devices": 0.7168374960723032,
  "macro_average": 0.7019423551883736
}