{
  "threshold": 0.6,
  "macro_f1_14": 0.1866460827522785,
  "macro_auc_14": 0.7602969395776766,
  "per_class_14": {
    "No Finding": {
      "precision": 0.5999999993999999,
      "recall": 0.15789473680055402,
      "f1": 0.24999999659722225,
      "auc": 0.882921589688507,
      "tp": 6,
      "fp": 4,
      "tn": 192,
      "fn": 32
    },
    "Enlarged Cardiomediastinum": {
      "precision": 0.0,
      "recall": 0.0,
      "f1": 0.0,
      "auc": 0.6208440366972477,
      "tp": 0,
      "fp": 0,
      "tn": 125,
      "fn": 109
    },
    "Cardiomegaly": {
      "precision": 0.9999999900000002,
      "recall": 0.014705882350778549,
      "f1": 0.028985506952320945,
      "auc": 0.8045712260807938,
      "tp": 1,
      "fp": 0,
      "tn": 166,
      "fn": 67
    },
    "Lung Opacity": {
      "precision": 0.9245283017123531,
      "recall": 0.3888888888580247,
      "f1": 0.5474860292899723,
      "auc": 0.8854350382128159,
      "tp": 49,
      "fp": 4,
      "tn": 104,
      "fn": 77
    },
    "Lung Lesion": {
      "precision": 0.0,
      "recall": 0.0,
      "f1": 0.0,
      "auc": 0.06008583690987124,
      "tp": 0,
      "fp": 0,
      "tn": 233,
      "fn": 1
    },
    "Edema": {
      "precision": 0.7894736837950138,
      "recall": 0.33333333325925923,
      "f1": 0.468749995678711,
      "auc": 0.8993533215755438,
      "tp": 15,
      "fp": 4,
      "tn": 185,
      "fn": 30
    },
    "Consolidation": {
      "precision": 0.0,
      "recall": 0.0,
      "f1": 0.0,
      "auc": 0.908186341022162,
      "tp": 0,
      "fp": 0,
      "tn": 201,
      "fn": 33
    },
    "Pneumonia": {
      "precision": 0.0,
      "recall": 0.0,
      "f1": 0.0,
      "auc": 0.7776548672566371,
      "tp": 0,
      "fp": 0,
      "tn": 226,
      "fn": 8
    },
    "Atelectasis": {
      "precision": 0.0,
      "recall": 0.0,
      "f1": 0.0,
      "auc": 0.8082792207792209,
      "tp": 0,
      "fp": 0,
      "tn": 154,
      "fn": 80
    },
    "Pneumothorax": {
      "precision": 0.0,
      "recall": 0.0,
      "f1": 0.0,
      "auc": 0.7029867256637168,
      "tp": 0,
      "fp": 2,
      "tn": 224,
      "fn": 8
    },
    "Pleural Effusion": {
      "precision": 0.8648648646311176,
      "recall": 0.47761194022722214,
      "f1": 0.6153846106823225,
      "auc": 0.9101796407185629,
      "tp": 32,
      "fp": 5,
      "tn": 162,
      "fn": 35
    },
    "Pleural Other": {
      "precision": 0.0,
      "recall": 0.0,
      "f1": 0.0,
      "auc": 0.7982832618025751,
      "tp": 0,
      "fp": 0,
      "tn": 233,
      "fn": 1
    },
    "Fracture": {
      "precision": 0.0,
      "recall": 0.0,
      "f1": 0.0,
      "auc": null,
      "tp": 0,
      "fp": 0,
      "tn": 234,
      "fn": 0
    },
    "Support Devices": {
      "precision": 0.7346938774760516,
      "recall": 0.6728971961987947,
      "f1": 0.7024390193313506,
      "auc": 0.8250791081021414,
      "tp": 72,
      "fp": 26,
      "tn": 101,
      "fn": 35
    }
  }
}